image,name,label
3653610.jpg,安,151
3655161.jpg,安,151
3655689.jpg,安,151
3655818.jpg,八,237
3656106.jpg,八,237
3656787.jpg,巴,107
3656630.jpg,巴,107
3657659.jpg,巴,107
3657131.jpg,巴,107
3657179.jpg,癹,620
3658708.jpg,白,619
3658973.jpg,百,618
3658373.jpg,败,617
3659824.jpg,般,329
3700889.jpg,般,329
3700910.jpg,邦,616
3700191.jpg,雹,327
3701343.jpg,雹,327
3701769.jpg,宝,325
3701894.jpg,宝,325
3702292.jpg,饱,615
3705956.jpg,保,24
3705965.jpg,保,24
3706710.jpg,保,24
3706797.jpg,保,24
3706799.jpg,保,24
3709720.jpg,保,24
3709872.jpg,豹,317
3710637.jpg,豹,317
3712138.jpg,卑,614
3712743.jpg,北,613
3713625.jpg,贝,612
3713226.jpg,狈,611
3713199.jpg,祊,610
3714362.jpg,偪,609
3714160.jpg,鼻,608
3714994.jpg,匕,179
3715844.jpg,匕,179
3716652.jpg,匕,179
3716934.jpg,比,607
3716976.jpg,必,605
3717251.jpg,闭,590
3717370.jpg,畀,164
3717476.jpg,畀,164
3718281.jpg,畀,164
3718715.jpg,敝,106
3718190.jpg,敝,106
3719872.jpg,敝,106
3719652.jpg,敝,106
3719452.jpg,辟,320
3719592.jpg,辟,320
3720911.jpg,濞,604
3720563.jpg,兵,318
3720290.jpg,兵,318
3721665.jpg,丙,8
3721772.jpg,丙,8
3721925.jpg,丙,8
3723784.jpg,丙,8
3723618.jpg,丙,8
3723156.jpg,丙,8
3724706.jpg,丙,8
3724909.jpg,秉,603
3724326.jpg,并,49
3725608.jpg,并,49
3725555.jpg,并,49
3725911.jpg,并,49
3726690.jpg,并,49
3726816.jpg,驳,602
3726239.jpg,帛,601
3727786.jpg,泊,600
3727179.jpg,亳,95
3727129.jpg,亳,95
3727265.jpg,亳,95
3728177.jpg,亳,95
3728460.jpg,卜,599
3728950.jpg,不,326
3729596.jpg,不,326
3730149.jpg,步,598
3730632.jpg,才,335
3730945.jpg,才,335
3731243.jpg,采,346
3731373.jpg,采,346
3732653.jpg,仓,94
3732553.jpg,仓,94
3732883.jpg,仓,94
3733965.jpg,仓,94
3738533.jpg,曹,597
3738932.jpg,册,596
3739646.jpg,叉,351
3739479.jpg,叉,351
3739475.jpg,昌,595
3740648.jpg,长,594
3740283.jpg,鬯,158
3740480.jpg,鬯,158
3741316.jpg,鬯,158
3741347.jpg,朝,86
3741412.jpg,朝,86
3741273.jpg,朝,86
3742492.jpg,朝,86
3742331.jpg,车,29
3742324.jpg,车,29
3745204.jpg,车,29
3746693.jpg,车,29
3746748.jpg,车,29
3747455.jpg,屮,593
3749703.jpg,尘,592
3749878.jpg,臣,591
3750197.jpg,辰,9
3750391.jpg,辰,9
3751620.jpg,辰,9
3751882.jpg,辰,9
3751979.jpg,辰,9
3752893.jpg,辰,9
3752694.jpg,辰,9
3752834.jpg,成,621
3753182.jpg,呈,83
3753805.jpg,呈,83
3753700.jpg,呈,83
3756870.jpg,呈,83
3756867.jpg,承,606
3756908.jpg,乘,622
3756676.jpg,齿,36
3757815.jpg,齿,36
3757689.jpg,齿,36
3757150.jpg,齿,36
3758430.jpg,齿,36
3758466.jpg,赤,349
3758952.jpg,赤,349
3759527.jpg,舂,166
3759884.jpg,舂,166
3759641.jpg,舂,166
3800620.jpg,虫,348
3800943.jpg,虫,348
3800175.jpg,稠,640
3800186.jpg,丑,103
3801537.jpg,丑,103
3801293.jpg,丑,103
3801355.jpg,丑,103
3802418.jpg,臭,654
3802249.jpg,出,337
3802774.jpg,出,337
3803769.jpg,初,653
3805888.jpg,刍,344
3806549.jpg,刍,344
3806662.jpg,楚,652
3806749.jpg,豖,651
3807113.jpg,传,650
3807196.jpg,吹,343
3807247.jpg,吹,343
3807475.jpg,娕,342
3808792.jpg,娕,342
3809761.jpg,此,108
3809907.jpg,此,108
3809387.jpg,此,108
3810575.jpg,此,108
3810795.jpg,朿,4
3810810.jpg,朿,4
3810966.jpg,朿,4
3811121.jpg,朿,4
3812846.jpg,朿,4
3812857.jpg,朿,4
3812884.jpg,朿,4
3813866.jpg,朿,4
3813945.jpg,朿,4
3813879.jpg,琮,341
3815810.jpg,琮,341
3815773.jpg,沓,649
3815156.jpg,大,340
3816767.jpg,大,340
3816935.jpg,汏,648
3816815.jpg,带,172
3817315.jpg,带,172
3817172.jpg,带,172
3818737.jpg,丹,647
3818438.jpg,单,157
3818185.jpg,单,157
3819718.jpg,单,157
3819518.jpg,旦,338
3819658.jpg,旦,338
3820190.jpg,宕,646
3820136.jpg,刀,336
3820764.jpg,刀,336
3820823.jpg,盗,645
3821854.jpg,得,644
3821667.jpg,登,643
3821719.jpg,弟,316
3822161.jpg,弟,316
3823957.jpg,杕,642
3823586.jpg,帝,167
3823620.jpg,帝,167
3824804.jpg,帝,167
3824490.jpg,典,63
3824844.jpg,典,63
3825322.jpg,典,63
3825177.jpg,典,63
3825362.jpg,奠,315
3825697.jpg,奠,315
3826331.jpg,吊,641
3826398.jpg,耋,639
3826630.jpg,丁,31
3829484.jpg,丁,31
3829304.jpg,丁,31
3829869.jpg,丁,31
3830494.jpg,丁,31
3830794.jpg,鼎,314
3830712.jpg,鼎,314
3832339.jpg,东,293
3832879.jpg,东,293
3832148.jpg,冬,292
3833480.jpg,冬,292
3833502.jpg,斗,291
3833639.jpg,斗,291
3833901.jpg,豆,163
3834546.jpg,豆,163
3835624.jpg,豆,163
3835291.jpg,剢,290
3835662.jpg,剢,290
3836402.jpg,督,289
3836569.jpg,督,289
3836113.jpg,杜,624
3836916.jpg,端,638
3837810.jpg,对,637
3837908.jpg,兑,636
3838114.jpg,多,287
3838742.jpg,多,287
3838588.jpg,娥,286
3839751.jpg,娥,286
3839605.jpg,儿,635
3839146.jpg,而,634
3840235.jpg,耳,633
3840859.jpg,洱,285
3840242.jpg,洱,285
3840959.jpg,二,284
3841470.jpg,二,284
3841353.jpg,伐,159
3841288.jpg,伐,159
3842278.jpg,伐,159
3842149.jpg,凡,632
3842467.jpg,杋,631
3843235.jpg,匚,283
3843747.jpg,匚,283
3843603.jpg,方,77
3844481.jpg,方,77
3846576.jpg,方,77
3846284.jpg,方,77
3847927.jpg,彷,630
3847379.jpg,非,282
3848299.jpg,非,282
3848774.jpg,扉,629
3850911.jpg,分,628
3850801.jpg,焚,75
3850453.jpg,焚,75
3851101.jpg,焚,75
3851362.jpg,焚,75
3851918.jpg,丰,39
3851321.jpg,丰,39
3852796.jpg,丰,39
3852323.jpg,丰,39
3852798.jpg,丰,39
3853828.jpg,风,45
3854172.jpg,风,45
3854966.jpg,风,45
3855373.jpg,风,45
3855885.jpg,风,45
3855641.jpg,妦,627
3856371.jpg,封,65
3856877.jpg,封,65
3857207.jpg,封,65
3857731.jpg,封,65
3858117.jpg,夆,280
3858163.jpg,夆,280
3858181.jpg,缶,626
3859883.jpg,夫,625
3900811.jpg,弗,623
3900393.jpg,伏,589
3900237.jpg,凫,588
3901760.jpg,刜,587
3901381.jpg,孚,552
3901109.jpg,服,551
3902695.jpg,福,277
3902617.jpg,福,277
3902111.jpg,甫,550
3903465.jpg,斧,294
3903617.jpg,斧,294
3903644.jpg,父,295
3903576.jpg,父,295
3904687.jpg,妇,296
3905683.jpg,妇,296
3905340.jpg,阜,355
3905537.jpg,阜,355
3906532.jpg,复,549
3906386.jpg,富,306
3906320.jpg,富,306
3907565.jpg,腹,313
3907304.jpg,腹,313
3907584.jpg,干,548
3907460.jpg,甘,547
3908576.jpg,刚,312
3909374.jpg,刚,312
3909478.jpg,高,546
3909152.jpg,膏,311
3910324.jpg,膏,311
3910699.jpg,杲,545
3910572.jpg,槁,544
3911429.jpg,告,543
3912413.jpg,戈,309
3912945.jpg,戈,309
3913696.jpg,鬲,22
3913346.jpg,鬲,22
3914265.jpg,鬲,22
3914560.jpg,鬲,22
3914614.jpg,鬲,22
3915392.jpg,鬲,22
3915724.jpg,各,308
3915617.jpg,各,308
3916508.jpg,更,542
3916190.jpg,庚,12
3917697.jpg,庚,12
3917733.jpg,庚,12
3917431.jpg,庚,12
3918682.jpg,庚,12
3918138.jpg,庚,12
3918908.jpg,庚,12
3918418.jpg,工,124
3919703.jpg,工,124
3919611.jpg,工,124
3919454.jpg,弓,541
3920763.jpg,公,540
3920952.jpg,肱,307
3920958.jpg,肱,307
3921697.jpg,宫,539
3921906.jpg,龚,538
3922945.jpg,冓,537
3922877.jpg,遘,120
3922346.jpg,遘,120
3923512.jpg,遘,120
3923637.jpg,古,536
3924394.jpg,谷,522
3924988.jpg,蛊,303
3924832.jpg,蛊,303
3925172.jpg,鼓,523
3925232.jpg,雇,60
3925197.jpg,雇,60
3925820.jpg,雇,60
3926312.jpg,雇,60
3926987.jpg,剐,524
3926254.jpg,官,525
3927424.jpg,毌,61
3927454.jpg,毌,61
3927988.jpg,毌,61
3928714.jpg,毌,61
3928686.jpg,盥,117
3928585.jpg,盥,117
3930585.jpg,盥,117
3930726.jpg,雚,301
3930286.jpg,雚,301
3931860.jpg,光,300
3931533.jpg,光,300
3932122.jpg,归,526
3933917.jpg,龟,66
3934744.jpg,龟,66
3934234.jpg,龟,66
3934636.jpg,龟,66
3934502.jpg,癸,299
3935490.jpg,癸,299
3935981.jpg,鬼,298
3935231.jpg,鬼,298
3936969.jpg,鲧,354
3936805.jpg,鲧,354
3936605.jpg,果,141
3937259.jpg,果,141
3937430.jpg,果,141
3937265.jpg,亥,40
3938238.jpg,亥,40
3938367.jpg,亥,40
3938362.jpg,亥,40
3939199.jpg,亥,40
3939361.jpg,熯,527
3940715.jpg,蒿,128
3940649.jpg,蒿,128
3941128.jpg,蒿,128
3941162.jpg,好,521
3941255.jpg,禾,376
3942818.jpg,禾,376
3942596.jpg,合,1
3942111.jpg,合,1
3943844.jpg,合,1
3944478.jpg,合,1
3945750.jpg,合,1
3946904.jpg,合,1
3946914.jpg,合,1
3946627.jpg,合,1
3947177.jpg,合,1
3947915.jpg,合,1
3947281.jpg,何,387
3948358.jpg,何,387
3948658.jpg,姀,145
3948576.jpg,姀,145
3948567.jpg,姀,145
3949789.jpg,盉,528
3949958.jpg,龢,388
3950441.jpg,龢,388
3950685.jpg,宏,140
3951169.jpg,宏,140
3951446.jpg,宏,140
3951504.jpg,虹,530
3952380.jpg,后,531
3953899.jpg,厚,532
3953989.jpg,乎,533
3954546.jpg,虍,534
3954713.jpg,狐,535
3954201.jpg,壶,17
3954441.jpg,壶,17
3955393.jpg,壶,17
3955828.jpg,壶,17
3955859.jpg,壶,17
3956945.jpg,壶,17
3956974.jpg,虎,138
3956877.jpg,虎,138
3957469.jpg,虎,138
3957686.jpg,户,553
3957756.jpg,化,554
3958789.jpg,淮,555
4001387.jpg,萑,62
4012543.jpg,萑,62
4012708.jpg,萑,62
4012591.jpg,萑,62
4013491.jpg,雈,133
4013570.jpg,雈,133
4020856.jpg,雈,133
4020218.jpg,黄,358
4021885.jpg,黄,358
4021609.jpg,熿,572
4021410.jpg,会,586
4021550.jpg,昏,362
4022982.jpg,昏,362
4022928.jpg,火,382
4022655.jpg,火,382
4023792.jpg,鸡,79
4023126.jpg,鸡,79
4023786.jpg,鸡,79
4024126.jpg,鸡,79
4024509.jpg,姬,364
4024667.jpg,姬,364
4024183.jpg,基,585
4025747.jpg,箕,367
4025907.jpg,箕,367
4025649.jpg,櫅,584
4026351.jpg,及,583
4026764.jpg,吉,582
4027747.jpg,彶,581
4027761.jpg,即,372
4027703.jpg,即,372
4028225.jpg,亟,580
4028236.jpg,疾,32
4028300.jpg,疾,32
4030536.jpg,疾,32
4030132.jpg,疾,32
4030696.jpg,疾,32
4031210.jpg,棘,579
4031451.jpg,集,578
4031257.jpg,耤,34
4032832.jpg,耤,34
4032921.jpg,耤,34
4032975.jpg,耤,34
4033183.jpg,耤,34
4033822.jpg,己,102
4034979.jpg,己,102
4034785.jpg,己,102
4035147.jpg,己,102
4035212.jpg,丮,577
4036573.jpg,旡,374
4036717.jpg,旡,374
4036494.jpg,季,356
4037565.jpg,季,356
4037112.jpg,既,377
4039154.jpg,既,377
4039758.jpg,洎,576
4039912.jpg,祭,575
4040456.jpg,夹,379
4040409.jpg,夹,379
4041949.jpg,家,380
4041474.jpg,家,380
4041721.jpg,豭,375
4042676.jpg,豭,375
4042914.jpg,甲,574
4042131.jpg,戋,573
4043208.jpg,艰,571
4043757.jpg,监,556
4043247.jpg,见,373
4044431.jpg,见,373
4044986.jpg,姜,570
4044560.jpg,降,369
4045281.jpg,降,369
4045263.jpg,交,569
4045290.jpg,角,568
4046993.jpg,教,567
4046791.jpg,解,566
4046482.jpg,介,365
4047682.jpg,介,365
4048127.jpg,戒,150
4048586.jpg,戒,150
4048882.jpg,戒,150
4049520.jpg,今,565
4049658.jpg,尽,129
4049709.jpg,尽,129
4050564.jpg,尽,129
4050666.jpg,晋,564
4050351.jpg,京,111
4051511.jpg,京,111
4052468.jpg,京,111
4052830.jpg,京,111
4052944.jpg,晶,81
4053266.jpg,晶,81
4053121.jpg,晶,81
4053867.jpg,晶,81
4054494.jpg,井,563
4054949.jpg,汫,562
4054230.jpg,竞,105
4055820.jpg,竞,105
4055349.jpg,竞,105
4055847.jpg,竞,105
4056249.jpg,竟,561
4056742.jpg,九,90
4056983.jpg,九,90
4057264.jpg,九,90
4058377.jpg,九,90
4058959.jpg,酒,560
4058355.jpg,旧,360
4059840.jpg,旧,360
4100717.jpg,咎,559
4100841.jpg,娵,558
4101183.jpg,爵,91
4103445.jpg,爵,91
4104580.jpg,爵,91
4104301.jpg,爵,91
4105412.jpg,君,557
4105414.jpg,麇,655
4105634.jpg,亢,529
4105618.jpg,尻,656
4111439.jpg,可,666
4111370.jpg,克,125
4111356.jpg,克,125
4112237.jpg,克,125
4112965.jpg,口,757
4112823.jpg,叩,391
4112967.jpg,叩,391
4114795.jpg,夸,756
4115456.jpg,狅,755
4116250.jpg,困,754
4116269.jpg,来,273
4116608.jpg,来,273
4117503.jpg,婪,753
4117600.jpg,牢,752
4117775.jpg,老,11
4118846.jpg,老,11
4118574.jpg,老,11
4118445.jpg,老,11
4118822.jpg,老,11
4119769.jpg,老,11
4120736.jpg,老,11
4120421.jpg,乐,751
4120393.jpg,雷,99
4121881.jpg,雷,99
4121137.jpg,雷,99
4121147.jpg,雷,99
4122520.jpg,李,750
4122518.jpg,豊,749
4122107.jpg,力,748
4123180.jpg,立,747
4123238.jpg,利,113
4123112.jpg,利,113
4124943.jpg,利,113
4124248.jpg,利,113
4124338.jpg,栎,746
4125735.jpg,砅,745
4125287.jpg,栗,744
4125927.jpg,秝,742
4125796.jpg,蒚,727
4126944.jpg,联,213
4126142.jpg,联,213
4126104.jpg,良,100
4127755.jpg,良,100
4127707.jpg,良,100
4128629.jpg,良,100
4128691.jpg,林,741
4129206.jpg,潾,740
4129810.jpg,霖,739
4129996.jpg,吝,738
4130277.jpg,焛,203
4130701.jpg,焛,203
4130114.jpg,夌,737
4131487.jpg,姈,736
4131391.jpg,霝,735
4131876.jpg,令,734
4132122.jpg,柳,733
4132340.jpg,六,93
4132569.jpg,六,93
4133611.jpg,六,93
4133278.jpg,六,93
4133198.jpg,龙,144
4134781.jpg,龙,144
4134721.jpg,龙,144
4134646.jpg,咙,28
4135809.jpg,咙,28
4135779.jpg,咙,28
4135258.jpg,咙,28
4136590.jpg,咙,28
4137665.jpg,泷,210
4138149.jpg,泷,210
4138630.jpg,卢,15
4138975.jpg,卢,15
4139649.jpg,卢,15
4139266.jpg,卢,15
4140474.jpg,卢,15
4140698.jpg,卢,15
4140952.jpg,鲁,732
4142413.jpg,鹿,139
4143496.jpg,鹿,139
4143417.jpg,鹿,139
4144460.jpg,麓,731
4148376.jpg,旅,730
4148134.jpg,律,729
4148792.jpg,率,728
4149649.jpg,泺,758
4149166.jpg,马,743
4150439.jpg,鎷,759
4150272.jpg,霾,183
4150836.jpg,霾,183
4151528.jpg,买,184
4151375.jpg,买,184
4152842.jpg,麦,136
4152375.jpg,麦,136
4152929.jpg,麦,136
4153447.jpg,澫,186
4153941.jpg,澫,186
4154984.jpg,汒,777
4154175.jpg,尨,791
4154545.jpg,莽,192
4155883.jpg,莽,192
4155322.jpg,卯,193
4156476.jpg,卯,193
4156738.jpg,枚,134
4156472.jpg,枚,134
4157362.jpg,枚,134
4157380.jpg,眉,112
4158863.jpg,眉,112
4158349.jpg,眉,112
4159796.jpg,眉,112
4159685.jpg,湄,196
4201870.jpg,湄,196
4201474.jpg,每,149
4202513.jpg,每,149
4202206.jpg,每,149
4202870.jpg,美,70
4205659.jpg,美,70
4206339.jpg,美,70
4206202.jpg,美,70
4207579.jpg,妹,131
4207883.jpg,妹,131
4208897.jpg,妹,131
4208503.jpg,门,249
4208244.jpg,门,249
4209154.jpg,梦,26
4209917.jpg,梦,26
4210137.jpg,梦,26
4210414.jpg,梦,26
4211147.jpg,梦,26
4211497.jpg,麋,790
4212438.jpg,米,252
4213555.jpg,米,252
4213135.jpg,宓,253
4214669.jpg,宓,253
4214359.jpg,免,789
4215959.jpg,黾,132
4215303.jpg,黾,132
4216877.jpg,黾,132
4216662.jpg,面,255
4218934.jpg,面,255
4218202.jpg,蔑,257
4219307.jpg,蔑,257
4219924.jpg,民,788
4219464.jpg,皿,787
4220364.jpg,敏,786
4220331.jpg,名,260
4222172.jpg,名,260
4223568.jpg,明,785
4223536.jpg,鸣,784
4223203.jpg,冥,142
4224866.jpg,冥,142
4225453.jpg,冥,142
4226433.jpg,沫,783
4226997.jpg,莫,3
4226107.jpg,莫,3
4227353.jpg,莫,3
4227924.jpg,莫,3
4228138.jpg,莫,3
4228356.jpg,莫,3
4229423.jpg,莫,3
4229690.jpg,莫,3
4233478.jpg,莫,3
4245303.jpg,牟,782
4246148.jpg,母,781
4246731.jpg,牡,780
4247708.jpg,木,779
4248466.jpg,目,778
4249219.jpg,牧,776
4250805.jpg,穆,246
4251482.jpg,穆,246
4251488.jpg,内,761
4252237.jpg,乃,71
4252189.jpg,乃,71
4253695.jpg,乃,71
4254187.jpg,乃,71
4255489.jpg,艿,114
4255654.jpg,艿,114
4256240.jpg,艿,114
4256666.jpg,柰,222
4256205.jpg,柰,222
4257537.jpg,囡,775
4258724.jpg,男,223
4258921.jpg,男,223
4259622.jpg,南,227
4259253.jpg,南,227
4300647.jpg,猱,229
4300719.jpg,猱,229
4300837.jpg,麑,774
4301131.jpg,逆,119
4301667.jpg,逆,119
4302407.jpg,逆,119
4302232.jpg,匿,773
4303865.jpg,惄,772
4303990.jpg,年,771
4304432.jpg,辇,770
4304755.jpg,廿,769
4305243.jpg,念,768
4305928.jpg,娘,767
4305491.jpg,鸟,50
4306597.jpg,鸟,50
4306278.jpg,鸟,50
4307236.jpg,鸟,50
4307248.jpg,鸟,50
4307645.jpg,臬,766
4308497.jpg,孽,123
4308932.jpg,孽,123
4309894.jpg,孽,123
4309493.jpg,宁,126
4310615.jpg,宁,126
4310470.jpg,宁,126
4311527.jpg,寍,765
4311282.jpg,妞,764
4312104.jpg,牛,244
4312386.jpg,牛,244
4313429.jpg,奴,763
4314868.jpg,女,762
4314603.jpg,虐,760
4315554.jpg,奻,726
4316345.jpg,庞,725
4317830.jpg,旁,724
4317444.jpg,盆,689
4318266.jpg,朋,688
4318708.jpg,倗,241
4318262.jpg,倗,241
4319382.jpg,彭,687
4319515.jpg,品,240
4320119.jpg,品,240
4320336.jpg,牝,686
4323681.jpg,叵,685
4323905.jpg,七,238
4324566.jpg,七,238
4324926.jpg,凄,519
4325961.jpg,戚,56
4325676.jpg,戚,56
4325175.jpg,戚,56
4327837.jpg,戚,56
4329134.jpg,霋,234
4329394.jpg,霋,234
4331243.jpg,齐,232
4332487.jpg,齐,232
4333597.jpg,其,684
4333275.jpg,祈,683
4334734.jpg,肵,682
4334329.jpg,骑,228
4335817.jpg,骑,228
4335606.jpg,棋,681
4336581.jpg,乞,680
4339368.jpg,企,679
4339942.jpg,启,678
4341457.jpg,杞,224
4342268.jpg,杞,224
4342445.jpg,弃,677
4343798.jpg,千,676
4344963.jpg,欠,221
4344906.jpg,欠,221
4345472.jpg,俔,675
4345169.jpg,羌,42
4346838.jpg,羌,42
4346259.jpg,羌,42
4347939.jpg,羌,42
4347460.jpg,羌,42
4347737.jpg,戕,674
4348333.jpg,妾,673
4348587.jpg,秦,245
4349235.jpg,秦,245
4350743.jpg,嫀,659
4354339.jpg,沁,660
4354134.jpg,庆,233
4355827.jpg,庆,233
4355533.jpg,磬,261
4356590.jpg,磬,261
4356821.jpg,丘,47
4357382.jpg,丘,47
4357505.jpg,丘,47
4359851.jpg,丘,47
4400514.jpg,丘,47
4401905.jpg,秋,661
4401626.jpg,裘,662
4402832.jpg,区,663
4406173.jpg,曲,271
4407269.jpg,曲,271
4407366.jpg,取,664
4408509.jpg,龋,658
4416346.jpg,刞,269
4417123.jpg,刞,269
4418576.jpg,泉,64
4418623.jpg,泉,64
4420203.jpg,泉,64
4421718.jpg,泉,64
4421625.jpg,犬,665
4422737.jpg,雀,667
4422882.jpg,冉,267
4422639.jpg,冉,267
4424331.jpg,瀼,160
4424407.jpg,瀼,160
4425691.jpg,瀼,160
4425873.jpg,人,668
4426138.jpg,壬,161
4427629.jpg,壬,161
4428370.jpg,壬,161
4432475.jpg,刃,669
4433969.jpg,任,266
4433804.jpg,任,266
4433129.jpg,妊,265
4434304.jpg,妊,265
4434994.jpg,扔,670
4435835.jpg,日,671
4435416.jpg,戎,672
4435505.jpg,肉,165
4436651.jpg,肉,165
4437229.jpg,肉,165
4437319.jpg,如,248
4438801.jpg,如,248
4438627.jpg,汝,690
4439593.jpg,乳,691
4439502.jpg,辱,692
4439503.jpg,入,709
4440163.jpg,朊,723
4440445.jpg,若,722
4441235.jpg,洒,721
4442285.jpg,塞,720
4442369.jpg,三,254
4443699.jpg,三,254
4443795.jpg,桑,218
4444620.jpg,桑,218
4445810.jpg,丧,250
4445444.jpg,丧,250
4446943.jpg,啬,247
4446614.jpg,啬,247
4446153.jpg,森,219
4450556.jpg,森,219
4454845.jpg,山,719
4454844.jpg,杉,718
4455444.jpg,商,18
4455273.jpg,商,18
4455896.jpg,商,18
4456445.jpg,商,18
4457540.jpg,商,18
4457915.jpg,商,18
4458130.jpg,上,717
4458845.jpg,少,716
4459138.jpg,舌,171
4459331.jpg,舌,171
4500821.jpg,舌,171
4500205.jpg,设,715
4501509.jpg,射,170
4501688.jpg,射,170
4501983.jpg,射,170
4502719.jpg,涉,169
4502479.jpg,涉,169
4503376.jpg,涉,169
4503266.jpg,申,104
4504671.jpg,申,104
4504297.jpg,申,104
4504559.jpg,申,104
4504613.jpg,身,714
4505538.jpg,娠,713
4505992.jpg,升,712
4505449.jpg,生,711
4506284.jpg,声,188
4506410.jpg,声,188
4508591.jpg,省,710
4508441.jpg,圣,198
4508735.jpg,圣,198
4509525.jpg,尸,708
4509897.jpg,十,693
4509735.jpg,石,212
4510122.jpg,石,212
4510798.jpg,祏,211
4510983.jpg,祏,211
4511981.jpg,食,200
4511969.jpg,食,200
4511329.jpg,史,27
4511722.jpg,史,27
4512205.jpg,史,27
4513469.jpg,史,27
4513493.jpg,史,27
4514453.jpg,矢,92
4514791.jpg,矢,92
4517344.jpg,矢,92
4517740.jpg,矢,92
4518120.jpg,豕,153
4518275.jpg,豕,153
4518440.jpg,豕,153
4519512.jpg,驶,707
4519752.jpg,示,37
4519627.jpg,示,37
4520633.jpg,示,37
4520268.jpg,示,37
4520392.jpg,示,37
4521207.jpg,室,706
4522919.jpg,奭,38
4522322.jpg,奭,38
4522424.jpg,奭,38
4523627.jpg,奭,38
4524879.jpg,奭,38
4526622.jpg,首,96
4527278.jpg,首,96
4527614.jpg,首,96
4527550.jpg,首,96
4528508.jpg,受,155
4528702.jpg,受,155
4528346.jpg,受,155
4528667.jpg,书,705
4529207.jpg,殳,204
4529946.jpg,殳,204
4529631.jpg,黍,85
4530568.jpg,黍,85
4530191.jpg,黍,85
4530814.jpg,黍,85
4532853.jpg,朮,704
4532741.jpg,戍,201
4532414.jpg,戍,201
4534881.jpg,束,14
4534874.jpg,束,14
4534640.jpg,束,14
4535312.jpg,束,14
4535953.jpg,束,14
4535256.jpg,束,14
4535587.jpg,咰,703
4536742.jpg,庶,702
4537879.jpg,脽,176
4538357.jpg,脽,176
4538888.jpg,脽,176
4538958.jpg,顺,701
4539302.jpg,纟,181
4539815.jpg,纟,181
4539826.jpg,纟,181
4540180.jpg,丝,208
4540611.jpg,丝,208
4540375.jpg,司,700
4541848.jpg,死,215
4542917.jpg,死,215
4542317.jpg,巳,48
4542236.jpg,巳,48
4542506.jpg,巳,48
4543787.jpg,巳,48
4544125.jpg,巳,48
4544268.jpg,四,216
4546148.jpg,四,216
4546284.jpg,汜,699
4546267.jpg,兕,191
4547584.jpg,兕,191
4547313.jpg,祀,698
4547934.jpg,宋,185
4548425.jpg,宋,185
4548147.jpg,夙,697
4548311.jpg,宿,82
4548702.jpg,宿,82
4549680.jpg,宿,82
4549611.jpg,宿,82
4549146.jpg,岁,180
4550142.jpg,岁,180
4550262.jpg,岁,180
4550333.jpg,孙,696
4551602.jpg,它,190
4552365.jpg,它,190
4552131.jpg,贪,695
4552143.jpg,唐,178
4553507.jpg,唐,178
4553843.jpg,唐,178
4553268.jpg,天,177
4554730.jpg,天,177
4554669.jpg,天,177
4555793.jpg,田,194
4555707.jpg,田,194
4555577.jpg,畋,694
4556637.jpg,聑,657
4556607.jpg,亭,520
4556387.jpg,同,431
4557152.jpg,童,274
4557965.jpg,童,274
4557423.jpg,涂,414
4558200.jpg,梌,407
4559116.jpg,土,97
4559470.jpg,土,97
4559705.jpg,土,97
4559225.jpg,土,97
4600626.jpg,兔,444
4601484.jpg,旽,441
4602991.jpg,屯,436
4602337.jpg,豚,214
4603561.jpg,豚,214
4603780.jpg,乇,207
4603239.jpg,乇,207
4603918.jpg,橐,44
4604637.jpg,橐,44
4604209.jpg,橐,44
4604394.jpg,橐,44
4605750.jpg,橐,44
4605363.jpg,鼍,209
4605374.jpg,鼍,209
4606347.jpg,妥,202
4607901.jpg,妥,202
4607668.jpg,宛,430
4607217.jpg,万,156
4608450.jpg,万,156
4608691.jpg,万,156
4608907.jpg,亡,439
4609748.jpg,王,84
4609769.jpg,王,84
4609274.jpg,王,84
4609349.jpg,王,84
4610180.jpg,网,154
4610921.jpg,网,154
4610242.jpg,网,154
4611784.jpg,往,402
4611513.jpg,望,168
4611853.jpg,望,168
4612962.jpg,望,168
4612627.jpg,危,35
4612455.jpg,危,35
4613681.jpg,危,35
4613936.jpg,危,35
4613808.jpg,危,35
4614591.jpg,微,393
4614395.jpg,为,189
4614223.jpg,为,189
4615431.jpg,韦,23
4616201.jpg,韦,23
4617124.jpg,韦,23
4617341.jpg,韦,23
4617285.jpg,韦,23
4618886.jpg,韦,23
4619562.jpg,唯,392
4620220.jpg,尾,401
4620373.jpg,未,21
4621233.jpg,未,21
4621448.jpg,未,21
4621123.jpg,未,21
4622631.jpg,未,21
4622669.jpg,未,21
4622598.jpg,文,110
4623400.jpg,文,110
4624889.jpg,文,110
4625247.jpg,文,110
4626850.jpg,闻,413
4626330.jpg,问,256
4626170.jpg,问,256
4627433.jpg,我,59
4627428.jpg,我,59
4627188.jpg,我,59
4628314.jpg,我,59
4628431.jpg,婐,258
4628250.jpg,婐,258
4629800.jpg,硪,448
4629159.jpg,巫,484
4629139.jpg,五,259
4630758.jpg,五,259
4631541.jpg,午,69
4632582.jpg,午,69
4632396.jpg,午,69
4633423.jpg,午,69
4633970.jpg,武,263
4634561.jpg,武,263
4634518.jpg,舞,73
4634467.jpg,舞,73
4635280.jpg,舞,73
4637871.jpg,舞,73
4641138.jpg,兀,264
4641572.jpg,兀,264
4641197.jpg,勿,162
4641413.jpg,勿,162
4642182.jpg,勿,162
4642274.jpg,戊,7
4642736.jpg,戊,7
4643548.jpg,戊,7
4644483.jpg,戊,7
4644100.jpg,戊,7
4645957.jpg,戊,7
4645117.jpg,戊,7
4645138.jpg,戊,7
4646726.jpg,物,490
4646590.jpg,夕,268
4646591.jpg,夕,268
4647497.jpg,兮,270
4647929.jpg,兮,270
4648576.jpg,西,52
4648944.jpg,西,52
4649836.jpg,西,52
4649643.jpg,西,52
4649708.jpg,西,52
4649737.jpg,昔,493
4650956.jpg,析,272
4650515.jpg,析,272
4650732.jpg,奚,76
4651989.jpg,奚,76
4651672.jpg,奚,76
4651783.jpg,奚,76
4652666.jpg,嬉,515
4652100.jpg,熹,514
4652502.jpg,习,512
4653951.jpg,洗,510
4653920.jpg,喜,509
4654182.jpg,系,173
4654335.jpg,系,173
4655670.jpg,系,173
4656302.jpg,下,507
4656778.jpg,先,225
4657760.jpg,先,225
4657935.jpg,咸,504
4658900.jpg,苋,502
4658798.jpg,陷,152
4658925.jpg,陷,152
4659944.jpg,陷,152
4659757.jpg,羡,230
4659189.jpg,羡,230
4700664.jpg,献,220
4700766.jpg,献,220
4700395.jpg,粯,482
4702122.jpg,乡,239
4702438.jpg,乡,239
4703652.jpg,相,459
4704731.jpg,襄,55
4704471.jpg,襄,55
4704901.jpg,襄,55
4705432.jpg,襄,55
4705699.jpg,襄,55
4705548.jpg,祥,449
4706639.jpg,向,455
4706349.jpg,象,242
4706556.jpg,象,242
4707637.jpg,小,454
4707849.jpg,效,243
4707905.jpg,效,243
4708767.jpg,劦,217
4708688.jpg,劦,217
4711438.jpg,燮,452
4711751.jpg,心,251
4711864.jpg,心,251
4712127.jpg,辛,80
4712149.jpg,辛,80
4712286.jpg,辛,80
4713472.jpg,辛,80
4713698.jpg,欣,464
4713721.jpg,新,475
4715583.jpg,炘,480
4715671.jpg,兴,236
4716342.jpg,兴,236
4716339.jpg,星,235
4716729.jpg,星,235
4717819.jpg,行,477
4717751.jpg,杏,476
4717285.jpg,姓,127
4717260.jpg,姓,127
4718402.jpg,姓,127
4718431.jpg,凶,231
4718446.jpg,凶,231
4720390.jpg,兄,467
4720380.jpg,休,472
4720336.jpg,羞,468
4721152.jpg,戌,6
4721264.jpg,戌,6
4721969.jpg,戌,6
4722480.jpg,戌,6
4722363.jpg,戌,6
4722749.jpg,戌,6
4722716.jpg,戌,6
4723544.jpg,戌,6
4724886.jpg,须,148
4724405.jpg,须,148
4724300.jpg,须,148
4725119.jpg,畜,147
4725710.jpg,畜,147
4726797.jpg,畜,147
4726744.jpg,宣,469
4727492.jpg,旋,470
4727551.jpg,薛,471
4727842.jpg,血,143
4727882.jpg,血,143
4728336.jpg,血,143
4728551.jpg,寻,72
4728369.jpg,寻,72
4729575.jpg,寻,72
4730630.jpg,寻,72
4730735.jpg,旬,262
4730984.jpg,旬,262
4731627.jpg,讯,481
4731816.jpg,侚,450
4731276.jpg,疋,13
4732762.jpg,疋,13
4732256.jpg,疋,13
4732206.jpg,疋,13
4733686.jpg,疋,13
4733806.jpg,疋,13
4733842.jpg,疋,13
4734630.jpg,亚,460
4736820.jpg,娅,463
4736649.jpg,言,187
4737746.jpg,言,187
4737552.jpg,岩,491
4737596.jpg,炎,496
4738708.jpg,酓,497
4739439.jpg,甗,197
4739133.jpg,甗,197
4739379.jpg,焱,435
4740700.jpg,燕,199
4740679.jpg,燕,199
4741100.jpg,鬳,409
4741726.jpg,央,137
4741449.jpg,央,137
4742269.jpg,央,137
4743177.jpg,羊,130
4743176.jpg,羊,130
4743620.jpg,羊,130
4744376.jpg,阳,395
4744248.jpg,徉,396
4744910.jpg,昜,398
4745730.jpg,恙,206
4746536.jpg,恙,206
4746606.jpg,夭,146
4746748.jpg,夭,146
4746602.jpg,夭,146
4747501.jpg,爻,440
4747683.jpg,尧,182
4747181.jpg,尧,182
4748484.jpg,曣,205
4748526.jpg,曣,205
4748807.jpg,埜,434
4749200.jpg,页,116
4749472.jpg,页,116
4750462.jpg,页,116
4750333.jpg,一,424
4750652.jpg,伊,423
4750342.jpg,衣,422
4751143.jpg,依,419
4751504.jpg,匜,20
4753843.jpg,匜,20
4753186.jpg,匜,20
4753118.jpg,匜,20
4753916.jpg,匜,20
4754389.jpg,匜,20
4754569.jpg,夷,432
4755720.jpg,宜,43
4800375.jpg,宜,43
4801287.jpg,宜,43
4801952.jpg,宜,43
4801746.jpg,宜,43
4802345.jpg,椸,416
4803583.jpg,乙,121
4803661.jpg,乙,121
4804453.jpg,乙,121
4804207.jpg,以,195
4805701.jpg,以,195
4805829.jpg,乂,410
4805716.jpg,义,462
4806347.jpg,亦,226
4806417.jpg,亦,226
4806366.jpg,异,275
4807762.jpg,异,275
4807359.jpg,邑,408
4807810.jpg,易,403
4808365.jpg,益,386
4808609.jpg,益,386
4810731.jpg,翊,390
4810722.jpg,翊,390
4811761.jpg,翌,389
4811213.jpg,翌,389
4812413.jpg,因,357
4812278.jpg,因,357
4813929.jpg,寅,41
4813418.jpg,寅,41
4813827.jpg,寅,41
4816365.jpg,寅,41
4817334.jpg,寅,41
4817477.jpg,嚚,400
4817704.jpg,尹,428
4818721.jpg,引,518
4818872.jpg,饮,87
4818168.jpg,饮,87
4819345.jpg,饮,87
4820344.jpg,饮,87
4820151.jpg,印,363
4820989.jpg,印,363
4820174.jpg,庸,438
4821336.jpg,雍,101
4821866.jpg,雍,101
4821800.jpg,雍,101
4822765.jpg,雍,101
4822445.jpg,雝,88
4822784.jpg,雝,88
4823230.jpg,雝,88
4823381.jpg,雝,88
4823502.jpg,永,54
4824290.jpg,永,54
4824920.jpg,永,54
4824791.jpg,永,54
4824209.jpg,永,54
4825216.jpg,用,366
4825728.jpg,用,366
4825472.jpg,攸,368
4826406.jpg,攸,368
4826819.jpg,幽,371
4826412.jpg,幽,371
4827331.jpg,尤,399
4827627.jpg,由,415
4827681.jpg,犹,404
4828459.jpg,斿,405
4828455.jpg,友,378
4828345.jpg,友,378
4828110.jpg,卣,495
4829769.jpg,酉,2
4829748.jpg,酉,2
4830570.jpg,酉,2
4831292.jpg,酉,2
4831519.jpg,酉,2
4833637.jpg,酉,2
4833392.jpg,酉,2
4833521.jpg,酉,2
4834977.jpg,酉,2
4834771.jpg,又,488
4834952.jpg,幼,487
4835530.jpg,囿,135
4835832.jpg,囿,135
4835782.jpg,囿,135
4835502.jpg,于,370
4836500.jpg,于,370
4837594.jpg,余,517
4838316.jpg,盂,115
4838236.jpg,盂,115
4839514.jpg,盂,115
4839810.jpg,臾,513
4839150.jpg,鱼,508
4839523.jpg,竽,361
4840388.jpg,竽,361
4840606.jpg,渔,359
4840779.jpg,渔,359
4841765.jpg,艅,381
4841600.jpg,艅,381
4841632.jpg,羽,383
4842543.jpg,羽,383
4842654.jpg,雨,19
4842971.jpg,雨,19
4842213.jpg,雨,19
4844666.jpg,雨,19
4844540.jpg,雨,19
4844456.jpg,雨,19
4845545.jpg,圉,478
4845571.jpg,玉,384
4845884.jpg,玉,384
4846408.jpg,聿,474
4846342.jpg,郁,74
4847196.jpg,郁,74
4848799.jpg,郁,74
4848123.jpg,郁,74
4848829.jpg,毓,16
4855347.jpg,毓,16
4855637.jpg,毓,16
4855445.jpg,毓,16
4855358.jpg,毓,16
4856586.jpg,毓,16
4856175.jpg,眢,30
4856102.jpg,眢,30
4857750.jpg,眢,30
4857662.jpg,眢,30
4857463.jpg,眢,30
4858827.jpg,元,385
4858715.jpg,元,385
4858557.jpg,员,276
4858123.jpg,员,276
4859983.jpg,爰,447
4859911.jpg,袁,57
4859904.jpg,袁,57
4900930.jpg,袁,57
4900695.jpg,袁,57
4900490.jpg,远,118
4901716.jpg,远,118
4904335.jpg,远,118
4904148.jpg,曰,473
4904543.jpg,月,302
4905528.jpg,月,302
4905510.jpg,戉,304
4905636.jpg,戉,304
4906868.jpg,岳,297
4906886.jpg,岳,297
4906112.jpg,龠,46
4907401.jpg,龠,46
4907889.jpg,龠,46
4908125.jpg,龠,46
4908450.jpg,龠,46
4908170.jpg,云,305
4909600.jpg,云,305
4909465.jpg,允,479
4909453.jpg,孕,122
4909881.jpg,孕,122
4910959.jpg,孕,122
4910538.jpg,晕,465
4910672.jpg,雥,457
4911774.jpg,栽,451
4911263.jpg,宰,310
4911436.jpg,宰,310
4912929.jpg,葬,453
4912481.jpg,责,456
4912513.jpg,昃,458
4913801.jpg,曾,175
4913968.jpg,曾,175
4913400.jpg,曾,175
4914437.jpg,乍,461
4914309.jpg,宅,466
4914859.jpg,翟,483
4915908.jpg,占,505
4915976.jpg,召,506
4915834.jpg,折,278
4916645.jpg,折,278
4918238.jpg,砓,279
4918174.jpg,砓,279
4919375.jpg,者,67
4919226.jpg,者,67
4919453.jpg,者,67
4919256.jpg,者,67
4920445.jpg,贞,68
4920437.jpg,贞,68
4920655.jpg,贞,68
4921757.jpg,贞,68
4921460.jpg,朕,503
4921891.jpg,争,516
4921525.jpg,姃,281
4922657.jpg,姃,281
4923590.jpg,征,511
4923391.jpg,拯,501
4923805.jpg,正,500
4924594.jpg,之,486
4925513.jpg,戠,78
4925738.jpg,戠,78
4925974.jpg,戠,78
4926697.jpg,戠,78
4926917.jpg,执,5
4926514.jpg,执,5
4927186.jpg,执,5
4928895.jpg,执,5
4928257.jpg,执,5
4928474.jpg,执,5
4929285.jpg,执,5
4929866.jpg,执,5
4930514.jpg,执,5
4930930.jpg,侄,489
4930832.jpg,直,485
4931627.jpg,嬂,492
4931238.jpg,止,494
4933160.jpg,只,288
4934975.jpg,只,288
4934450.jpg,旨,498
4934382.jpg,址,499
4935855.jpg,沚,446
4935572.jpg,祉,412
4935816.jpg,黹,58
4936137.jpg,黹,58
4936127.jpg,黹,58
4937226.jpg,黹,58
4938358.jpg,至,411
4938560.jpg,陟,406
4938183.jpg,彘,174
4939565.jpg,彘,174
4939208.jpg,彘,174
4940694.jpg,廌,339
4941380.jpg,廌,339
4941889.jpg,雉,109
4941979.jpg,雉,109
4942719.jpg,雉,109
4942154.jpg,雉,109
4942542.jpg,疐,10
4943854.jpg,疐,10
4943838.jpg,疐,10
4944509.jpg,疐,10
4944427.jpg,疐,10
4944660.jpg,疐,10
4945471.jpg,疐,10
4945557.jpg,中,25
4946707.jpg,中,25
4946641.jpg,中,25
4946992.jpg,中,25
4947455.jpg,中,25
4948975.jpg,中,25
4948963.jpg,众,397
4949637.jpg,舟,394
4949688.jpg,侜,345
4950812.jpg,侜,345
4950726.jpg,周,347
4950145.jpg,周,347
4951485.jpg,洀,98
4951343.jpg,洀,98
4951970.jpg,洀,98
4952676.jpg,洀,98
4952647.jpg,婤,417
4952161.jpg,肘,418
4952822.jpg,帚,33
4953853.jpg,帚,33
4953364.jpg,帚,33
4953713.jpg,帚,33
4954252.jpg,帚,33
4954472.jpg,冑,445
4954306.jpg,昼,443
4954127.jpg,酎,442
4955674.jpg,朱,350
4955824.jpg,朱,350
4955367.jpg,竹,352
4956691.jpg,竹,352
4956133.jpg,逐,353
4956729.jpg,逐,353
4957493.jpg,舳,433
4957451.jpg,贮,53
4957225.jpg,贮,53
4958757.jpg,贮,53
4959951.jpg,贮,53
4959903.jpg,贮,53
4959376.jpg,壴,89
4959311.jpg,壴,89
5000615.jpg,壴,89
5000881.jpg,壴,89
5001799.jpg,祝,51
5002977.jpg,祝,51
5002968.jpg,祝,51
5002986.jpg,祝,51
5003288.jpg,祝,51
5003363.jpg,铸,334
5003621.jpg,铸,334
5004315.jpg,爪,427
5004309.jpg,专,319
5004382.jpg,专,319
5005297.jpg,妆,321
5006541.jpg,妆,321
5006631.jpg,隹,420
5006294.jpg,追,322
5006461.jpg,追,322
5007799.jpg,椎,323
5007997.jpg,椎,323
5007814.jpg,坠,324
5009604.jpg,坠,324
5009747.jpg,濯,421
5009576.jpg,灂,425
5010567.jpg,兹,426
5010711.jpg,子,0
5010507.jpg,子,0
5011464.jpg,子,0
5011406.jpg,子,0
5011988.jpg,子,0
5012445.jpg,子,0
5012434.jpg,子,0
5012529.jpg,子,0
5013327.jpg,子,0
5015625.jpg,子,0
5016993.jpg,子,0
5016583.jpg,子,0
5016170.jpg,子,0
5017451.jpg,子,0
5017231.jpg,子,0
5018841.jpg,子,0
5019938.jpg,子,0
5019448.jpg,子,0
5019100.jpg,子,0
5021983.jpg,自,429
5021325.jpg,宗,437
5021489.jpg,奏,328
5022213.jpg,奏,328
5022433.jpg,卒,330
5022267.jpg,卒,330
5022932.jpg,族,331
5023748.jpg,族,331
5023841.jpg,祖,332
5023651.jpg,祖,332
5026671.jpg,尊,333
5026169.jpg,尊,333
5026696.jpg,左,792
